index,price,ticks_5m,ticks_15m,ticks_1h,change_5m,change_15m,change_1h,change_8h,change_1d,volume_5m,volume_15m,volume_1h,volume_8h,volume_1d,vdelta_5m,vdelta_15m,vdelta_1h,vdelta_8h,vdelta_1d,openinterest,OI_change_15m,OI_change_1h,OI_change_8h,OI_change_1d,funding_rate,marketcap,OI/MC,volatility_5m,volatility_15m,volatility_1h,BTC_correlation_1d,ETH_correlation_1d,BTC_correlation_3d,ETH_correlation_3d,BTC_beta_1d,ETH_beta_1d,BTC_beta_3d,ETH_beta_3d
BTC/USDT,26692.6,15148.0,48175.0,137861.0,-0.1392,-0.0614,0.2117,-2.1116,-2.4186,48891741,144083582,356767807,5137950391,10057673326,-19219215,5302585,11767171,-250328867,-442274778,"[99056.133, 2648463828]","[374.222, 10005574, 0.379]","[113.769, 3041842, 0.115]","[1837.88, 49139398, 1.89]","[6140.559, 164180126, 6.609]",0.0,520999722918,0.005,0.0535,0.0468,0.042,1.0,0.855,1.0,0.575,1.0,0.695,1.0,0.314
ETH/USDT,1558.55,8560.0,21841.0,75173.0,-0.0378,-0.0154,0.4143,-1.1668,-0.307,13580404,34699511,114206645,1576117073,3769648245,4614963,12442624,27456597,-5833690,21281657,"[819804.753, 1279182346]","[4246.931, 6626699, 0.521]","[3266.093, 5096248, 0.4]","[15422.136, 24063930, 1.917]","[25079.807, 39133277, 3.156]",0.0,187495830575,0.007,0.0377,0.0342,0.0373,0.855,1.0,0.575,1.0,1.12,1.0,0.55,1.0
BNB/USDT,206.0,857.0,3161.0,14328.0,-0.0582,-0.0388,0.3214,-0.9996,-1.3882,443859,1726035,7526104,82542476,229964205,-252570,-418542,603570,-3390206,-6823964,"[739203.94, 152364716]","[-650.92, -134168, -0.088]","[-1773.0, -365451, -0.239]","[7960.36, 1640789, 1.089]","[-2087.07, -430187, -0.282]",0.0,31698982584,0.005,0.0197,0.0308,0.0423,0.783,0.816,0.164,-0.086,0.839,0.66,0.397,0.616
XRP/USDT,0.4842,1073.0,3710.0,19604.0,-0.0825,-0.1238,-0.3909,-0.6769,-2.7125,592483,2809004,15718173,172630182,478457735,-116441,-204835,-1275851,-4215497,-12316836,"[292457042.5, 141783174]","[579779.0, 281077, 0.199]","[2595736.9, 1258413, 0.896]","[1091441.9, 529131, 0.375]","[-1406450.7, -681847, -0.479]",0.004,25881489562,0.005,0.0305,0.0371,0.0794,0.648,0.684,0.435,0.674,1.047,0.887,0.534,0.627
USDC/USDT,0.99968,10.0,32.0,146.0,-0.001,0.0,-0.001,0.028,0.038,437,1176,13174,249954,920726,69,412,2255,26785,124164,"[8881978.0, 8879225]","[67.0, 67, 0.001]","[524.0, 524, 0.006]","[40665.0, 40652, 0.46]","[86253.0, 86226, 0.981]",-0.003,25196252974,0.0,0.0004,0.0004,0.0005,0.1,0.123,0.046,0.045,-0.001,-0.001,-0.0,-0.001
SOL/USDT,21.849,1391.0,5246.0,36850.0,-0.0549,-0.0457,0.682,-1.7758,-0.096,892672,3894440,33313371,285795140,684628261,229609,431562,1038091,-2594031,-251585,"[5383003.0, 117785489]","[19163.0, 419306, 0.357]","[1776.0, 38861, 0.033]","[67680.0, 1480906, 1.273]","[222756.0, 4874124, 4.317]",-0.0,9062740403,0.013,0.0378,0.0576,0.0879,0.69,0.759,0.226,-0.025,1.416,1.159,0.698,0.564
ADA/USDT,0.2461,342.0,1413.0,5251.0,-0.0812,-0.1218,0.0407,-0.7661,-1.0454,184595,559408,2246788,38129001,104061488,-28207,22696,52695,-1227134,-1071274,"[162629240.0, 40039319]","[199328.0, 49075, 0.123]","[-299806.0, -73812, -0.184]","[-4308811.0, -1060829, -2.581]","[1996886.0, 491633, 1.243]",0.01,8576310697,0.005,0.0337,0.0611,0.0549,0.722,0.774,0.341,0.529,1.024,0.852,0.505,0.623
DOGE/USDT,0.05797,561.0,1992.0,8255.0,-0.0172,-0.0345,0.1728,-1.7124,-1.5622,164853,679502,2647606,82412216,189820347,37120,-104243,-74615,-4317158,-3258024,"[1402780608.0, 81361275]","[148575.0, 8617, 0.011]","[-3649965.0, -211698, -0.26]","[19145474.0, 1110437, 1.384]","[8461411.0, 490762, 0.607]",-0.008,8195269124,0.01,0.0299,0.0243,0.0313,0.782,0.843,0.262,0.43,0.961,0.838,0.482,0.604
TRX/USDT,0.08576,266.0,1087.0,4140.0,-0.0117,-0.0233,-0.0932,-0.7637,-0.6718,28414,130052,886358,13111022,59445019,16810,18777,-51716,-232771,166885,"[385167231.0, 33031942]","[-46125.0, -3956, -0.012]","[-1908846.0, -163703, -0.493]","[-4862584.0, -417015, -1.247]","[-14783998.0, -1267876, -3.696]",-0.006,7630105123,0.004,0.021,0.0206,0.0299,0.638,0.668,0.225,0.271,0.473,0.391,0.231,0.187
DOT/USDT,3.718,384.0,1238.0,5537.0,0.0,-0.0538,0.2156,-1.6142,-2.517,143706,414983,1997514,35217978,90268309,24677,69465,12932,-1748687,-3132795,"[16361991.4, 60850246]","[12622.1, 46942, 0.077]","[19346.8, 71951, 0.118]","[151110.3, 561979, 0.932]","[432969.4, 1610213, 2.718]",-0.009,4774689982,0.013,0.0223,0.0335,0.0394,0.741,0.812,0.388,0.584,1.271,1.078,0.619,0.74
MATIC/USDT,0.5107,913.0,3096.0,12631.0,-0.1173,0.0196,0.4326,-1.7129,-0.8157,294948,866205,4946697,59409284,139690402,18554,13665,1078490,-2382967,-1730521,"[92611539.0, 47333758]","[148496.0, 75896, 0.161]","[-128505.0, -65679, -0.139]","[964189.0, 492797, 1.052]","[1680264.0, 858783, 1.848]",-0.001,4750339388,0.01,0.0489,0.0561,0.0562,0.697,0.822,0.296,0.601,1.202,1.02,0.619,0.844
LTC/USDT,61.4,431.0,1668.0,9277.0,-0.0163,-0.0651,0.0163,-1.76,-3.0169,220107,653061,3547414,60781307,137841973,-56014,46429,-61061,-2333439,-2601536,"[1217659.236, 74812983]","[-162.699, -9996, -0.013]","[-1396.53, -85803, -0.115]","[11300.416, 694298, 0.937]","[-8507.181, -522681, -0.694]",0.008,4528279671,0.017,0.0182,0.0377,0.0451,0.732,0.815,0.343,0.636,1.113,0.931,0.555,0.682
BCH/USDT,212.23,873.0,2958.0,14387.0,0.0471,-0.1646,0.2788,-1.1182,0.2504,337365,942390,5186292,101461299,294715851,-49099,1723,394784,-618881,4464862,"[540873.678, 114930248]","[-25.546, -5428, -0.005]","[-2273.686, -483136, -0.419]","[-4452.293, -946068, -0.816]","[-19863.484, -4220792, -3.542]",0.002,4145948296,0.028,0.0222,0.0436,0.0552,0.683,0.753,0.236,0.243,1.39,1.191,0.685,0.872
LINK/USDT,7.334,1232.0,3817.0,19604.0,0.0955,0.0546,0.0955,-0.1634,1.2564,614552,1730271,11598530,119675558,250907391,234579,135112,-413982,-2307405,1009953,"[10970565.79, 80502012]","[5441.1, 39927, 0.05]","[-47043.16, -345203, -0.427]","[385980.09, 2832322, 3.647]","[530956.35, 3896158, 5.086]",0.01,4083937689,0.02,0.0059,0.0629,0.0792,0.723,0.819,0.305,0.145,1.449,1.229,0.783,0.693
1000SHIB/USDT,0.006728,445.0,1211.0,6603.0,0.0,-0.0297,0.0595,-2.0527,-2.0242,132891,366871,2086327,30596131,72863967,31779,15547,-145400,-2264947,-4745898,"[4388321537.0, 29542181]","[-493449.0, -3322, -0.011]","[-17131560.0, -115330, -0.389]","[100721700.0, 678058, 2.349]","[199301370.0, 1341697, 4.758]",0.004,3965591618,0.007,0.0386,0.0315,0.0468,0.748,0.785,0.255,0.312,0.972,0.841,0.46,0.622
AVAX/USDT,9.309,661.0,2465.0,8534.0,-0.1609,-0.2144,-0.1823,-1.1574,-2.2267,279392,1141905,3547201,68945043,166092048,-17631,-94645,-11153,-1306896,-2090053,"[4816979.0, 44899061]","[-8340.0, -77737, -0.173]","[20866.0, 194492, 0.435]","[27564.0, 256924, 0.576]","[-74043.0, -690155, -1.514]",0.008,3301750901,0.014,0.0294,0.0722,0.0633,0.609,0.69,0.247,0.298,1.155,0.988,0.567,0.471
UNI/USDT,4.08,188.0,594.0,2575.0,0.0,-0.0245,0.4431,-1.4255,-0.7299,37364,116360,616854,8078656,26086096,-3999,6079,7913,-457276,-505597,"[4036244.0, 16479984]","[-1039.0, -4242, -0.026]","[11800.0, 48179, 0.293]","[-11380.0, -46465, -0.281]","[-89967.0, -367335, -2.18]",0.01,3076121768,0.005,0.0123,0.0364,0.0558,0.732,0.816,0.295,0.547,1.192,1.01,0.59,0.788
XLM/USDT,0.10277,195.0,861.0,3478.0,0.0,0.0,0.3515,-1.0971,-0.935,27495,177205,780247,13073700,29936046,-6981,-95533,-158058,-119582,-343075,"[193148386.0, 19857586]","[-139554.0, -14348, -0.072]","[532841.0, 54781, 0.277]","[-1185573.0, -121889, -0.61]","[2187787.0, 224926, 1.146]",0.01,2853348811,0.007,0.0206,0.0342,0.051,0.703,0.75,0.131,0.031,0.905,0.774,0.451,0.365
XMR/USDT,152.3,269.0,815.0,3749.0,-0.0656,0.0131,0.0657,0.3823,-0.6069,40686,88124,597137,8544923,20205468,-9546,-12609,-128884,537888,626154,"[79826.48, 12166354]","[-30.957, -4718, -0.039]","[-180.552, -27518, -0.226]","[-460.942, -70252, -0.574]","[-1316.784, -200691, -1.623]",0.007,2764094522,0.004,0.0256,0.0251,0.035,0.547,0.609,0.15,-0.035,0.651,0.529,0.286,0.251
ETC/USDT,14.754,392.0,1091.0,4424.0,0.0271,-0.0407,0.231,-1.1259,-1.0795,119119,257923,1063494,17544167,53109407,70334,75128,83262,-642299,-1554291,"[1717810.77, 25351451]","[-1279.93, -18889, -0.074]","[530.61, 7831, 0.031]","[-25891.92, -382113, -1.485]","[39344.68, 580649, 2.344]",0.006,2113233681,0.012,0.0127,0.0342,0.0437,0.78,0.857,0.355,0.61,1.047,0.883,0.52,0.728
ATOM/USDT,6.732,847.0,2418.0,10501.0,-0.1187,-0.1927,0.1339,0.9447,0.7031,275517,660630,3515938,39807849,102841831,34720,13494,134630,125119,157329,"[5025406.12, 33841085]","[2509.82, 16901, 0.05]","[19142.93, 128908, 0.382]","[-1195.01, -8047, -0.024]","[47096.48, 317148, 0.946]",-0.035,1970567813,0.017,0.0243,0.0498,0.0617,0.553,0.628,0.148,0.308,1.178,1.022,0.583,0.768
PHB/USDT,0.5558,92.0,260.0,1503.0,-0.0539,-0.1975,0.4155,-2.0444,-2.3885,14332,31220,162022,2021936,9615222,-4809,-172,19690,-157130,-592323,"[5195051.0, 2889487]","[13078.0, 7274, 0.252]","[-25894.0, -14402, -0.496]","[-44033.0, -24491, -0.84]","[-147135.0, -81836, -2.754]",0.01,1882308904,0.002,0.0149,0.0628,0.0698,0.657,0.742,0.192,0.222,1.368,1.155,0.719,0.888
HBAR/USDT,0.04604,91.0,561.0,2602.0,-0.0217,-0.26,0.0652,-0.7759,-1.687,10954,76660,359545,6154621,21283547,5361,3216,13102,-172504,-373170,"[180853491.0, 8330112]","[-220393.0, -10151, -0.122]","[-571847.0, -26339, -0.315]","[1981662.0, 91275, 1.108]","[5636290.0, 259608, 3.217]",0.01,1542266058,0.005,0.0243,0.0352,0.0418,0.739,0.784,0.01,-0.021,0.827,0.696,0.397,0.514
FIL/USDT,3.142,220.0,1344.0,4896.0,-0.0318,-0.0318,0.3193,-1.195,-1.8432,60209,303335,1159041,19226926,52093864,22823,93085,240557,-568622,-2273808,"[7212062.4, 22653088]","[22930.9, 72026, 0.319]","[51646.1, 162220, 0.721]","[45997.5, 144478, 0.642]","[96705.7, 303753, 1.359]",0.002,1437924021,0.016,0.0551,0.0805,0.0681,0.742,0.798,0.274,0.527,1.276,1.1,0.681,0.807
LDO/USDT,1.54,435.0,1557.0,4328.0,-0.026,-0.2461,-0.4461,-1.4967,-0.2009,60307,264238,802529,13860996,37399736,12297,-52028,-130928,-602978,-1679669,"[16467199.0, 25390774]","[-35379.0, -54551, -0.214]","[-62622.0, -96557, -0.379]","[-144641.0, -223022, -0.871]","[218554.0, 336988, 1.345]",0.01,1371035300,0.018,0.054,0.0579,0.0712,0.628,0.709,0.277,0.537,1.438,1.193,0.716,0.94
ICP/USDT,2.916,927.0,1365.0,3072.0,0.4478,0.3787,0.6559,-0.4438,-1.2864,364215,418156,696916,4770060,12599903,153562,138606,95373,-252639,-397778,"[2415003.0, 7044564]","[-4312.0, -12578, -0.178]","[-20534.0, -59898, -0.843]","[-57408.0, -167459, -2.322]","[-47023.0, -137166, -1.91]",0.003,1300710328,0.005,0.1486,0.1008,0.0756,0.698,0.775,-0.042,-0.023,1.203,1.032,0.561,0.762
MKR/USDT,1379.9,684.0,2260.0,8965.0,-0.0217,-0.1664,0.0435,-2.301,0.6638,170934,522717,2503196,53466877,135447322,13688,-44885,-60748,-780148,1295456,"[43553.366, 60112356]","[-58.764, -81106, -0.135]","[-139.363, -192349, -0.319]","[-874.445, -1206909, -1.968]","[-292.03, -403060, -0.666]",0.003,1244349894,0.048,0.0391,0.0685,0.0793,0.614,0.679,0.309,0.487,1.196,1.004,0.607,0.743
QNT/USDT,85.26,134.0,590.0,2611.0,-0.082,-0.0352,-0.0117,-1.0561,-0.1873,7985,36109,268645,1903066,5460580,1486,-8620,-21485,-130155,-490477,"[75298.6, 6425983]","[4.0, 341, 0.005]","[136.9, 11683, 0.182]","[-153.6, -13108, -0.204]","[474.6, 40502, 0.634]",-0.006,1241490877,0.005,0.0383,0.0395,0.0679,0.62,0.675,0.435,0.635,-0.07,-0.114,0.023,-0.041
VET/USDT,0.01619,213.0,601.0,2246.0,0.0618,0.0,0.3098,-1.9976,-2.6458,49258,104311,370432,7253320,17391971,17796,11486,45439,-407332,-650974,"[384449615.0, 6228084]","[-383415.0, -6211, -0.1]","[-432344.0, -7004, -0.112]","[5864270.0, 95001, 1.549]","[-11273113.0, -182624, -2.849]",-0.003,1177248028,0.005,0.0673,0.0618,0.0568,0.687,0.75,-0.026,-0.091,0.03,0.003,0.017,0.013
APT/USDT,4.772,301.0,1444.0,5510.0,0.0419,-0.0419,0.0419,-2.0324,-2.4729,56242,357845,1339105,24035129,76481293,13908,11891,-327,-1103580,-3066075,"[7098764.3, 33903698]","[8611.5, 41129, 0.121]","[14337.8, 68477, 0.202]","[120946.3, 577640, 1.733]","[130978.0, 625551, 1.88]",-0.007,1143743387,0.03,0.0344,0.0573,0.0591,0.667,0.763,0.176,-0.013,1.337,1.155,0.653,0.605
OP/USDT,1.2383,753.0,2516.0,11082.0,-0.0323,-0.0484,0.3078,-1.3071,0.1456,239601,614510,2691029,51513032,153372373,-21241,-20663,27461,-1346262,-3963114,"[31439851.9, 38963408]","[7613.8, 9436, 0.024]","[103079.8, 127747, 0.329]","[-487492.0, -604149, -1.527]","[66924.3, 82939, 0.213]",-0.001,1090342558,0.036,0.032,0.0422,0.0482,0.641,0.76,0.222,0.208,1.407,1.22,0.605,0.7
ARB/USDT,0.8088,642.0,2362.0,10589.0,-0.0988,-0.2097,0.2479,-1.462,-1.4139,179561,602070,3688226,46040300,102905500,30665,-10369,230081,-1434768,-1847230,"[70087591.5, 56735905]","[13918.8, 11267, 0.02]","[-168263.0, -136209, -0.24]","[-876827.5, -709792, -1.236]","[301698.5, 244225, 0.432]",-0.0,1031602500,0.055,0.0519,0.0574,0.0742,0.782,0.845,0.289,0.548,1.453,1.206,0.731,0.976
NEAR/USDT,1.019,396.0,910.0,2889.0,-0.098,0.0,0.7913,-0.8755,-2.3011,138909,339805,976062,16575622,37694068,11665,-45228,59774,-973531,-1264895,"[20705766.0, 21140587]","[-27936.0, -28523, -0.135]","[-137818.0, -140712, -0.661]","[-1524.0, -1556, -0.007]","[-67355.0, -68769, -0.324]",-0.008,998789471,0.021,0.1097,0.1165,0.0949,0.631,0.706,0.25,0.469,1.039,0.919,0.55,0.722
AAVE/USDT,63.03,295.0,831.0,3534.0,0.0476,0.0,0.3343,-1.4386,-1.3615,53631,151053,542356,10713945,32690146,16221,21115,59193,529503,735328,"[555802.2, 35048887]","[103.0, 6495, 0.019]","[-75.2, -4742, -0.014]","[195.1, 12303, 0.035]","[6967.9, 439396, 1.27]",0.01,919363507,0.038,0.0194,0.0377,0.056,0.723,0.835,-0.044,-0.035,1.256,1.08,0.644,0.79
ALGO/USDT,0.0943,81.0,239.0,1694.0,-0.2116,-0.1059,0.3191,-0.7368,-0.7368,22442,47624,594773,9041527,24106232,-12920,-21838,-55582,-345414,-440529,"[97628303.9, 9225875]","[48857.4, 4617, 0.05]","[581893.3, 54989, 0.6]","[521790.0, 49309, 0.537]","[2445015.6, 231054, 2.569]",0.009,746407699,0.012,0.1183,0.0936,0.0904,0.636,0.714,-0.022,-0.027,1.102,0.966,0.543,0.737
GRT/USDT,0.07967,386.0,1116.0,3926.0,0.0251,-0.1379,0.1257,-1.5934,-1.8117,52521,148466,549381,7495893,16463412,9532,4716,-8433,393900,666132,"[89585010.0, 7140821]","[109862.0, 8757, 0.123]","[-365844.0, -29161, -0.407]","[5735138.0, 457148, 6.84]","[11103987.0, 885099, 14.149]",-0.003,736649393,0.01,0.0448,0.0559,0.0579,0.766,0.819,0.174,-0.016,1.29,1.108,0.63,0.521
STX/USDT,0.4832,261.0,1358.0,4871.0,-0.0827,0.0207,0.8347,-1.8684,-2.561,27060,240709,787878,11735315,31329532,18372,-24297,65780,-324526,-659850,"[41064036.0, 19858568]","[-165125.0, -79854, -0.401]","[-178614.0, -86378, -0.433]","[-651953.0, -315284, -1.563]","[-291033.0, -140744, -0.704]",0.01,682744782,0.029,0.0306,0.0819,0.0705,0.718,0.765,-0.041,-0.018,1.383,1.109,0.749,0.913
RNDR/USDT,1.758,1034.0,3359.0,11817.0,-0.2553,-0.6162,0.1766,-2.9908,-2.3333,208955,625038,1872986,33317392,76675566,40849,36645,183356,1073582,1424824,"[11021597.9, 19401319]","[35334.6, 62199, 0.322]","[-3068.1, -5401, -0.028]","[-89720.5, -157935, -0.807]","[1004444.6, 1768124, 10.027]",0.005,654382413,0.03,0.0486,0.0954,0.1105,0.454,0.516,0.194,0.404,1.172,0.95,0.627,0.783
IMX/USDT,0.5169,402.0,1566.0,5178.0,0.0968,0.2133,0.6229,-0.2124,-2.4349,52714,212938,732753,9861972,70223137,13739,10761,-37412,326343,-1111462,"[16610297.0, 8585863]","[59757.0, 30888, 0.361]","[45515.0, 23527, 0.275]","[-326975.0, -169013, -1.931]","[3815971.0, 1972475, 29.825]",-0.002,624999367,0.014,0.0286,0.0391,0.069,0.154,0.212,-0.019,0.103,1.117,1.015,0.518,0.486
SNX/USDT,1.916,209.0,792.0,2679.0,0.0,-0.1563,0.3141,-1.491,-0.1563,28492,101462,346302,7923253,19105095,2742,-24601,-26015,-129975,-82775,"[5255531.9, 10074855]","[2171.2, 4162, 0.041]","[61.6, 118, 0.001]","[116407.6, 223153, 2.265]","[192117.0, 368288, 3.794]",-0.018,621569585,0.016,0.0452,0.0707,0.0675,0.633,0.71,0.012,0.058,1.225,1.053,0.588,0.449
XTZ/USDT,0.653,147.0,934.0,4746.0,0.1534,0.0,-0.3053,-2.2455,-5.0872,14904,234248,2093286,23122705,78403844,5866,-15029,-375693,-2242235,-2726842,"[19048568.3, 12438715]","[24576.8, 16049, 0.129]","[-531544.5, -347099, -2.715]","[-1597642.8, -1043261, -7.738]","[-4489620.1, -2931722, -19.074]",-0.009,618657897,0.02,0.0664,0.1224,0.153,0.463,0.438,0.132,0.231,1.228,1.029,0.652,0.673
INJ/USDT,7.33,419.0,1600.0,5709.0,-0.0273,-0.1362,0.7145,0.0,0.5901,50403,241313,1097910,12189143,37928342,34452,36599,94533,171380,-340138,"[2596440.9, 19047490]","[6684.6, 49038, 0.258]","[8187.2, 60061, 0.316]","[42594.2, 312471, 1.668]","[87977.6, 645404, 3.507]",0.001,614011979,0.031,0.0339,0.0583,0.0676,0.639,0.7,0.158,0.112,1.032,0.862,0.612,0.693
EOS/USDT,0.535,107.0,396.0,2833.0,0.0,0.0,0.5639,-0.9259,-0.5576,11781,50364,1282666,21240785,56968492,3770,-3820,100031,-1049026,-693294,"[42737929.0, 22864792]","[31157.6, 16669, 0.073]","[51305.8, 27449, 0.12]","[11992.3, 6416, 0.028]","[338743.0, 181228, 0.799]",0.01,600044756,0.038,0.0809,0.0855,0.1423,0.506,0.555,0.013,-0.015,1.274,1.077,0.591,0.731
EGLD/USDT,22.66,154.0,772.0,2398.0,-0.0882,0.2211,0.3099,-1.1344,-0.7446,17169,99324,416221,4740917,14498186,37957,48283,77222,54208,-125524,"[283796.6, 6436507]","[561.3, 12730, 0.198]","[862.2, 19555, 0.305]","[4568.1, 103605, 1.636]","[-180.6, -4096, -0.064]",0.008,591248912,0.011,0.0911,0.0724,0.062,0.71,0.746,-0.035,-0.016,1.112,0.961,0.467,0.412
THETA/USDT,0.5869,104.0,339.0,2361.0,0.0,-0.0681,0.4278,-0.7105,-0.9451,4935,21994,307151,3421684,10262617,1975,-12248,5621,111148,-274922,"[10190943.5, 5986160]","[7599.2, 4464, 0.075]","[90566.5, 53199, 0.897]","[168070.8, 98725, 1.677]","[-306005.9, -179748, -2.915]",0.01,587000000,0.01,0.0327,0.0425,0.0666,0.718,0.812,0.294,0.54,1.013,0.852,0.52,0.672
SAND/USDT,0.2805,181.0,591.0,2620.0,0.0,-0.1424,0.1428,-0.6376,-0.4613,39689,120388,641611,9288634,24725784,-7062,69182,48438,-244972,-387196,"[47027363.0, 13191175]","[-219998.0, -61709, -0.466]","[-74744.0, -20966, -0.159]","[797473.0, 223691, 1.725]","[-320743.0, -89968, -0.677]",0.003,580261698,0.023,0.0534,0.0546,0.0586,0.754,0.845,0.284,0.51,1.144,0.958,0.579,0.728
AXS/USDT,4.179,224.0,868.0,3664.0,-0.0239,-0.0478,0.4809,-0.8776,-1.4619,27125,190555,958863,14203757,37651184,6429,-2022,-16111,-574330,-525829,"[3514643.0, 14691208]","[3074.0, 12849, 0.088]","[-11593.0, -48459, -0.329]","[-5458.0, -22814, -0.155]","[81985.0, 342697, 2.388]",-0.032,549391411,0.027,0.0267,0.0454,0.0415,0.73,0.792,0.293,0.529,1.121,0.977,0.565,0.717
MANA/USDT,0.2751,200.0,488.0,2269.0,-0.0363,-0.1089,0.2917,-0.9719,-0.9006,26542,57940,376175,6936175,18943040,9662,7863,66906,37071,-276079,"[33325693.0, 9174563]","[1739.0, 479, 0.005]","[55160.0, 15186, 0.166]","[344996.0, 94977, 1.046]","[-235215.0, -64755, -0.701]",-0.002,507290605,0.018,0.0182,0.0473,0.0558,0.743,0.816,0.249,0.51,1.233,1.05,0.597,0.783
FTM/USDT,0.1793,137.0,690.0,3333.0,0.0,0.0,0.0,-1.9147,-1.3751,31251,233723,1033764,14881679,37102832,17225,21793,145093,-646622,-686097,"[108058427.0, 19385682]","[-134124.0, -24062, -0.124]","[98912.0, 17745, 0.092]","[1366556.0, 245160, 1.281]","[4518404.0, 810602, 4.364]",0.01,502691726,0.039,0.0,0.0761,0.0768,0.709,0.804,0.314,0.543,1.3,1.122,0.63,0.827
RUNE/USDT,1.617,507.0,1506.0,5568.0,-0.1235,0.1859,0.1238,-3.1737,-3.6927,181333,525966,1859000,32412031,76242152,66749,76403,31751,-286146,-189543,"[10207693.0, 16526255]","[-3189.0, -5163, -0.031]","[48771.0, 78960, 0.48]","[58486.0, 94689, 0.576]","[-531417.0, -860364, -4.948]",0.01,486533508,0.034,0.0674,0.0755,0.0894,0.609,0.641,0.226,0.356,1.235,0.997,0.595,0.757
KAVA/USDT,0.5736,104.0,439.0,2328.0,-0.0349,-0.0523,0.2272,-1.4264,-3.2062,4098,44108,247613,4570306,12787891,2496,937,3881,36460,-317118,"[10984226.9, 6303848]","[14677.8, 8424, 0.134]","[21719.1, 12465, 0.198]","[58632.4, 33649, 0.537]","[-121988.0, -70009, -1.098]",-0.014,479487768,0.013,0.019,0.0389,0.0406,0.723,0.778,0.166,0.158,1.071,0.917,0.636,0.727
NEO/USDT,6.665,120.0,330.0,1846.0,-0.1349,-0.1349,0.2859,-0.9805,-1.7831,13975,30211,229182,3901204,9758027,-1998,-1265,-12136,-67268,-308805,"[1045580.59, 6976114]","[-327.1, -2182, -0.031]","[-3023.82, -20175, -0.288]","[-12450.39, -83069, -1.177]","[-11242.05, -75007, -1.064]",0.01,470152980,0.015,0.0184,0.0386,0.053,0.775,0.822,0.281,0.577,1.057,0.891,0.573,0.674
1000XEC/USDT,0.0239,257.0,598.0,2913.0,0.0838,0.1676,0.8864,-0.9942,1.6589,39121,100240,527054,6618617,33106066,28799,30259,54597,-453131,-8378,"[115738912.0, 2765003]","[-947353.0, -22632, -0.812]","[-2971607.0, -70992, -2.503]","[-22039297.0, -526519, -15.996]","[21616207.0, 516411, 22.966]",0.005,466591745,0.006,0.0457,0.0491,0.0712,0.423,0.454,-0.045,-0.046,1.068,0.887,0.55,0.642
FLOW/USDT,0.416,203.0,427.0,1308.0,0.0,0.0,0.241,-0.716,-2.1176,95196,153733,429197,6302725,17351012,-20811,16789,78702,-96502,50766,"[11446306.5, 4761664]","[-68646.2, -28557, -0.596]","[-70356.7, -29268, -0.611]","[75910.2, 31579, 0.668]","[-173578.6, -72209, -1.494]",0.01,431059200,0.011,0.0,0.1286,0.1596,0.458,0.512,0.015,-0.045,1.052,0.907,0.556,0.675
FXS/USDT,5.357,408.0,986.0,3601.0,-0.2235,0.0747,-0.1677,0.4689,1.8441,61569,142138,458416,6050107,11687208,-5451,-8955,-36477,-30341,-289896,"[1803973.7, 9669299]","[2078.3, 11140, 0.115]","[5141.5, 27558, 0.286]","[67242.2, 360418, 3.872]","[141955.4, 760881, 8.541]",0.01,398034375,0.024,0.1083,0.0683,0.0671,0.482,0.555,0.178,0.393,0.857,0.744,0.42,0.581
CHZ/USDT,0.05553,200.0,646.0,3192.0,-0.054,-0.1079,0.1804,-1.7516,-1.7342,26440,104776,473663,6364916,15749880,1274,12475,-51595,-259990,-543880,"[147058823.0, 8172059]","[311107.0, 17288, 0.212]","[664164.0, 36908, 0.454]","[1586307.0, 88151, 1.09]","[5419263.0, 301148, 3.826]",0.01,387357687,0.021,0.0403,0.0572,0.0564,0.747,0.805,0.078,-0.083,1.047,0.88,0.515,0.671
CFX/USDT,0.1139,92.0,638.0,2827.0,-0.0877,-0.2627,-0.0877,-1.9793,-1.8949,13881,190302,890283,15612796,42884700,-3552,-22381,-116819,11968,-177502,"[112362982.0, 12809380]","[-70128.0, -7995, -0.062]","[89856.0, 10244, 0.08]","[466425.0, 53172, 0.417]","[2421192.0, 276016, 2.202]",0.009,382441334,0.033,0.038,0.0772,0.0712,0.676,0.738,0.265,0.482,1.399,1.2,0.704,0.862
CRV/USDT,0.429,62.0,274.0,1989.0,-0.2326,-0.2326,-0.2326,-0.9238,-1.6055,12630,136076,1782920,35687040,89812761,6718,-69140,-32937,-530328,-1122453,"[65487953.3, 28159820]","[155529.1, 66878, 0.238]","[257930.7, 110910, 0.395]","[1245912.1, 535742, 1.939]","[1755294.5, 754777, 2.754]",0.01,379737915,0.074,0.1931,0.1965,0.1817,0.444,0.502,0.214,0.359,1.09,1.004,0.557,0.673
APE/USDT,1.03,423.0,1398.0,5342.0,-0.097,-0.2904,0.2921,-0.4831,1.2783,246710,1067014,3052191,35163948,88686174,91795,-107955,193169,138515,559963,"[31706935.0, 32689850]","[67835.0, 69938, 0.214]","[179823.0, 185398, 0.57]","[119268.0, 122965, 0.378]","[739342.0, 762262, 2.387]",0.009,379651562,0.086,0.1056,0.138,0.1136,0.553,0.642,0.252,0.422,1.294,1.118,0.672,0.842
KLAY/USDT,0.1191,108.0,312.0,1342.0,0.084,0.1682,0.5063,-0.8326,-1.1618,12091,47380,216135,5554271,19917559,2851,-11721,-7644,-450078,-718433,"[63218516.4, 7523003]","[-11607.1, -1381, -0.018]","[92037.6, 10952, 0.146]","[417565.0, 49690, 0.665]","[-1881336.0, -223879, -2.89]",0.01,378651630,0.02,0.0697,0.0624,0.0614,0.544,0.615,0.223,0.209,0.897,0.74,0.662,0.592
MINA/USDT,0.358,280.0,678.0,2299.0,-0.1673,-0.0279,0.5336,-0.5003,-1.105,44011,73379,295801,3719488,11242766,9190,8267,21467,-115847,-635285,"[13646070.0, 4889387]","[-22205.0, -7956, -0.162]","[-24305.0, -8708, -0.178]","[251994.0, 90289, 1.881]","[-627423.0, -224806, -4.396]",0.002,352114314,0.014,0.0721,0.0582,0.063,0.721,0.772,0.222,0.218,1.324,1.129,0.675,0.833
GALA/USDT,0.01299,391.0,1276.0,5591.0,0.077,0.0,0.3864,-1.5163,-2.4042,166828,501217,2040430,32709254,98700749,31200,56096,123014,-543728,-3234907,"[1602148059.0, 20811903]","[-3129356.0, -40650, -0.195]","[-1213742.0, -15767, -0.076]","[52660121.0, 684055, 3.399]","[-25001934.0, -324775, -1.537]",0.01,349533939,0.06,0.0639,0.074,0.0907,0.638,0.707,0.251,0.453,1.691,1.498,0.821,1.008
SUI/USDT,0.4044,428.0,1604.0,5738.0,-0.1728,-0.1728,0.0495,-2.1534,-2.5777,106659,310399,1113556,27010895,64116806,-22503,41447,62017,-479093,-1636905,"[56853117.9, 23014142]","[-57176.7, -23145, -0.1]","[119597.2, 48413, 0.211]","[1517367.9, 614231, 2.742]","[494240.8, 200069, 0.877]",-0.005,347856874,0.066,0.0474,0.0491,0.0493,0.722,0.79,0.108,-0.049,1.302,1.089,0.631,0.816
DYDX/USDT,1.856,262.0,1206.0,4855.0,0.0539,-0.1614,0.0539,-2.2643,-3.1821,102992,501339,1466404,28100003,74476805,-29105,-124852,-80674,-1534706,-1843928,"[11946232.6, 22184154]","[1227.9, 2280, 0.01]","[-2973.0, -5521, -0.025]","[225264.2, 418316, 1.922]","[525740.4, 976300, 4.603]",0.01,329060048,0.067,0.0233,0.0416,0.0623,0.602,0.684,0.369,0.621,1.347,1.157,0.608,1.047
GMX/USDT,36.02,196.0,625.0,2531.0,-0.1109,-0.194,0.2784,-1.5309,0.4182,16788,52227,215311,3877845,10456729,2559,2586,53165,-59737,-102926,"[217698.22, 7854552]","[-117.99, -4257, -0.054]","[-111.38, -4019, -0.051]","[2055.06, 74147, 0.953]","[3619.93, 130607, 1.691]",0.01,327848037,0.024,0.0416,0.05,0.0675,0.72,0.78,0.288,0.539,1.344,1.129,0.668,0.882
1000LUNC/USDT,0.05611,104.0,565.0,2785.0,-0.089,-0.1779,0.2501,-0.9707,-1.6132,6984,62807,305193,4693653,20118517,22644,21752,65664,-222789,-964613,"[145424668.0, 8164141]","[-125926.0, -7069, -0.087]","[632290.0, 35497, 0.437]","[-1630634.0, -91544, -1.109]","[-8417308.0, -472548, -5.471]",0.01,325834573,0.025,0.0295,0.055,0.0548,0.591,0.655,0.188,0.363,1.093,0.951,0.551,0.706
WOO/USDT,0.16705,196.0,770.0,3031.0,-0.0419,-0.2448,0.024,-3.137,-0.6128,13423,71854,239274,10826643,20493094,3476,-18071,-27956,-151557,130807,"[28382703.0, 4743885]","[-25261.0, -4222, -0.089]","[-36620.0, -6121, -0.129]","[-1934525.0, -323337, -6.381]","[-228023.0, -38112, -0.797]",0.009,295809899,0.016,0.0265,0.0509,0.0613,0.515,0.598,0.24,0.481,1.261,1.063,0.64,0.772
DASH/USDT,25.25,109.0,454.0,1536.0,0.0,-0.1582,-0.0791,-1.2515,-1.8655,9018,38543,148437,2337939,5410203,-7518,-2046,-15593,174451,97352,"[204350.766, 5161900]","[-63.149, -1595, -0.031]","[-38.998, -985, -0.019]","[1155.964, 29200, 0.569]","[3288.774, 83074, 1.636]",-0.003,290256466,0.018,0.0328,0.0483,0.0545,0.674,0.782,0.483,0.587,1.093,0.915,0.607,0.446
COMP/USDT,40.91,185.0,826.0,3528.0,0.0244,-0.2925,0.245,-0.8963,-0.2925,18056,135728,569608,9778702,25734573,810,-22801,-95936,39091,-149866,"[317620.51, 12997031]","[52.035, 2129, 0.016]","[462.601, 18930, 0.146]","[3878.183, 158695, 1.236]","[3658.641, 149712, 1.165]",0.007,280482469,0.046,0.0266,0.0638,0.0698,0.675,0.78,0.278,0.446,1.276,1.123,0.639,0.821
ZIL/USDT,0.01581,108.0,344.0,1198.0,0.0,-0.1263,0.1901,-1.1257,-1.4953,13088,52624,149777,3208233,7749485,1220,-23656,-25180,-121827,-284117,"[250479263.0, 3960077]","[360863.0, 5705, 0.144]","[323581.0, 5116, 0.129]","[3135513.0, 49572, 1.268]","[13301790.0, 210301, 5.608]",0.01,270862648,0.015,0.0447,0.0626,0.0673,0.703,0.775,0.24,0.495,1.089,0.934,0.516,0.676
1000PEPE/USDT,0.000628,654.0,2020.0,9714.0,-0.0159,-0.2224,0.1276,-3.4292,-2.8165,83471,345028,1917306,33479507,86914355,2779,2667,143655,-1221866,-979475,"[34415271292.0, 21643764]","[58352195.0, 36698, 0.17]","[119782255.0, 75331, 0.349]","[2148775858.0, 1351365, 6.659]","[2854178237.0, 1794993, 9.043]",0.01,264235389,0.082,0.052,0.0697,0.0727,0.736,0.77,0.262,0.452,1.579,1.341,0.765,0.977
SFP/USDT,0.5977,209.0,747.0,4973.0,-0.117,-0.267,0.1676,-3.1437,-2.1607,23540,80725,560363,8123053,15627146,4191,18455,39489,327779,255411,"[15437283.0, 9231495]","[642.0, 384, 0.004]","[-50160.0, -29996, -0.324]","[-105618.0, -63160, -0.68]","[-20340.0, -12163, -0.132]",0.01,251532083,0.037,0.0653,0.0464,0.0896,0.433,0.529,0.191,0.41,0.885,0.773,0.482,0.578
AR/USDT,3.836,148.0,386.0,1751.0,-0.0261,0.1305,0.7088,-2.0179,-2.9107,25344,56292,263836,2997738,9230154,5112,12225,3068,-176776,-373211,"[1305380.1, 5015270]","[763.2, 2932, 0.058]","[585.7, 2250, 0.045]","[8399.7, 32272, 0.648]","[-1416.2, -5441, -0.108]",0.006,251213164,0.02,0.0216,0.0352,0.0653,0.705,0.799,-0.025,0.064,1.345,1.166,0.623,0.459
BAT/USDT,0.1667,163.0,411.0,1890.0,-0.06,-0.1198,-0.299,-2.6285,-2.5716,12080,32202,193730,2082881,5550124,2267,-1890,-17086,-174549,-253827,"[22064973.0, 3682644]","[17597.3, 2937, 0.08]","[288893.7, 48216, 1.327]","[784000.3, 130850, 3.684]","[1227252.5, 204828, 5.89]",-0.0,248378501,0.015,0.0497,0.0479,0.0687,0.635,0.674,0.017,0.006,1.02,0.884,0.494,0.615
1INCH/USDT,0.2371,166.0,497.0,1748.0,-0.0422,0.0,0.5087,-1.0021,-0.9193,15713,60533,244713,3866956,12091653,-910,9960,43705,-89263,-18210,"[29582501.0, 7016969]","[11892.0, 2821, 0.04]","[62477.0, 14820, 0.212]","[743.0, 176, 0.003]","[-2071920.0, -491459, -6.545]",0.01,245130081,0.029,0.0183,0.039,0.0554,0.713,0.752,-0.054,-0.052,1.2,1.017,0.582,0.762
ASTR/USDT,0.04201,169.0,463.0,1847.0,-0.0476,-0.1189,-0.0238,-1.4775,-2.143,12945,27770,161682,2573202,7241434,-400,5511,15214,-127146,-390634,"[74122879.0, 3114643]","[-84689.0, -3559, -0.114]","[-399247.0, -16776, -0.536]","[-470906.0, -19787, -0.631]","[4701254.0, 197547, 6.772]",0.01,222479344,0.014,0.0376,0.0414,0.0654,0.635,0.728,-0.012,0.045,1.217,1.019,0.589,0.393
XEM/USDT,0.0246,110.0,518.0,1486.0,0.0,-0.4049,0.4082,-1.6,-1.992,21618,273472,582731,3823039,12605762,-10244,-50353,-65217,-342062,-284085,"[145742914.0, 3585276]","[1535482.0, 37773, 1.065]","[2500039.0, 61501, 1.745]","[8616877.0, 211975, 6.284]","[6366956.0, 156627, 4.568]",0.01,220500000,0.016,0.176,0.3015,0.2998,0.29,0.272,0.016,0.004,0.805,0.657,0.38,0.461
ENJ/USDT,0.2187,598.0,2176.0,8833.0,0.3671,0.2291,1.0162,1.1096,1.6736,192189,569438,2085580,15296132,40921621,56573,26990,77822,-747195,-302999,"[66556960.0, 14569319]","[97087.0, 21252, 0.146]","[129370.0, 28319, 0.195]","[388327.0, 85005, 0.587]","[-2265350.0, -495885, -3.292]",-0.251,218900000,0.067,0.1556,0.1339,0.1238,0.401,0.403,0.106,0.244,0.994,0.834,0.501,0.638
QTUM/USDT,2.083,110.0,311.0,1341.0,0.0961,-0.048,0.4339,-1.4198,-2.2983,12116,27814,116770,2138159,5690145,5291,807,9561,-40292,-141458,"[1640897.6, 3419631]","[1904.2, 3968, 0.116]","[3094.0, 6448, 0.189]","[1125.4, 2345, 0.069]","[61005.6, 127136, 3.861]",0.01,218420405,0.016,0.0416,0.0587,0.0593,0.746,0.805,-0.038,-0.02,-0.132,-0.181,-0.041,-0.036
FET/USDT,0.2046,256.0,872.0,4510.0,0.0489,0.1959,1.237,-0.1464,0.0978,58124,160955,1120116,11050966,25102093,5342,18129,135283,-873619,-1504609,"[34949382.0, 7150644]","[33391.0, 6832, 0.096]","[772477.0, 158049, 2.26]","[728153.0, 148980, 2.128]","[-1315635.0, -269179, -3.628]",-0.002,213388144,0.034,0.0405,0.0819,0.1148,0.703,0.758,0.272,0.498,1.442,1.217,0.716,0.891
CVX/USDT,2.618,185.0,426.0,1488.0,0.0,0.0,0.0765,-1.6898,-1.2448,13056,32610,143000,1642876,4536615,3047,-604,-8090,36976,103806,"[1485423.0, 3891808]","[1350.0, 3537, 0.091]","[6412.0, 16799, 0.434]","[11489.0, 30101, 0.779]","[13411.0, 35137, 0.911]",-0.124,212417895,0.018,0.0468,0.0541,0.049,0.595,0.665,0.235,0.462,-0.09,-0.117,0.005,-0.06
CELO/USDT,0.409,187.0,328.0,1943.0,0.0,-0.2439,0.2451,-1.2077,-2.3866,80218,108422,1552439,11306395,27664285,28245,41602,15869,-1611,44469,"[15219921.2, 6240168]","[-33141.2, -13588, -0.217]","[-92402.1, -37885, -0.603]","[122663.7, 50292, 0.812]","[703337.2, 288368, 4.845]",0.01,211188592,0.03,0.1727,0.0923,0.1741,0.496,0.546,0.232,0.403,0.929,0.82,0.465,0.596
WLD/USDT,1.5793,1273.0,6628.0,21887.0,0.0951,0.076,-0.057,-1.9434,3.5267,302150,1657204,5164157,107934477,263643680,140740,122374,77975,-1489569,868726,"[31725110.0, 50119329]","[7005.0, 11066, 0.022]","[-15257.0, -24103, -0.048]","[-744516.0, -1176186, -2.293]","[2226911.0, 3518074, 7.549]",-0.012,210999643,0.238,0.0523,0.0849,0.0829,0.475,0.51,0.214,0.341,1.25,1.101,0.621,0.828
MASK/USDT,2.536,315.0,983.0,3363.0,0.0,0.0,0.4356,-1.323,-2.5365,70512,241578,733435,11866670,35270240,-10195,-69622,-28820,-843849,-1972542,"[5848038.0, 14830624]","[10282.0, 26075, 0.176]","[-7396.0, -18756, -0.126]","[250801.0, 636031, 4.481]","[209125.0, 530341, 3.709]",0.01,208237300,0.071,0.0279,0.0516,0.0589,0.736,0.801,0.258,0.492,1.269,1.088,0.644,0.831
LRC/USDT,0.1661,119.0,306.0,1174.0,0.0,-0.0602,0.3625,-1.1898,-1.7741,21127,35037,115374,1566165,4360214,7570,6411,29684,-8839,-115635,"[25692412.0, 4270079]","[-26911.0, -4473, -0.105]","[8865.0, 1473, 0.035]","[654718.0, 108814, 2.615]","[1083770.0, 180123, 4.404]",0.004,206834584,0.021,0.0426,0.075,0.0631,0.64,0.73,-0.083,-0.071,0.99,0.84,0.494,0.64
AGIX/USDT,0.1654,121.0,334.0,1942.0,-0.1208,-0.3014,0.3641,-0.601,-1.1357,19132,38901,271601,4270436,12396349,-1494,-3094,-10211,-102848,-665396,"[33294675.0, 5513598]","[12208.0, 2022, 0.037]","[-70660.0, -11701, -0.212]","[-141288.0, -23397, -0.423]","[845579.0, 140028, 2.606]",-0.004,204888797,0.027,0.0302,0.0777,0.0831,0.721,0.784,-0.081,0.002,-0.192,-0.243,-0.111,-0.094
ROSE/USDT,0.04016,208.0,832.0,3571.0,0.0249,-0.0498,0.3248,0.0,0.4,38386,106382,487866,4045082,8545937,-13183,-10219,-75660,15093,-322071,"[109064692.0, 4381129]","[-309074.0, -12416, -0.283]","[-2029231.0, -81514, -1.827]","[-3926071.0, -157710, -3.475]","[-6163768.0, -247599, -5.349]",0.01,202029278,0.022,0.0543,0.0393,0.0526,0.606,0.66,0.227,0.481,0.937,0.794,0.487,0.651
ZEC/USDT,24.92,139.0,312.0,2324.0,0.0,-0.1202,0.0401,-1.5409,-1.8898,24891,48086,357520,3378573,8632441,-14613,-17129,3330,-298628,-300490,"[209370.327, 5219602]","[-579.737, -14453, -0.276]","[-3088.413, -76994, -1.454]","[5707.102, 142278, 2.802]","[1720.344, 42888, 0.828]",0.01,195871923,0.027,0.0333,0.0334,0.0501,0.6,0.701,0.178,0.418,0.82,0.715,0.403,0.535
ANKR/USDT,0.01874,109.0,426.0,1564.0,0.0534,-0.0533,0.5365,-0.6363,-1.056,9476,68186,200535,3016113,8477653,-2107,-16436,-12950,-98730,-406629,"[203277417.0, 3811452]","[1503089.0, 28183, 0.745]","[1793444.0, 33627, 0.89]","[6566310.0, 123118, 3.338]","[15615488.0, 292790, 8.321]",0.01,187500000,0.02,0.0231,0.0565,0.0578,0.695,0.742,0.211,-0.008,-0.11,-0.175,-0.027,-0.084
T/USDT,0.01778,255.0,753.0,2790.0,0.0,0.0,0.452,-2.6287,-5.7264,17615,50925,246425,5787399,14164410,8833,6206,46011,-113231,-653000,"[193424907.0, 3441029]","[278408.0, 4953, 0.144]","[-220070.0, -3915, -0.114]","[6680228.0, 118841, 3.577]","[3014418.0, 53626, 1.583]",0.01,186956700,0.018,0.0689,0.0602,0.0751,0.614,0.641,-0.005,-0.011,1.059,0.869,0.567,0.645
SEI/USDT,0.1018,130.0,528.0,2013.0,-0.0981,0.0983,0.4936,-2.1154,-4.3233,25858,163176,663399,10504000,28061463,17792,56668,9990,-835084,-940166,"[64505041.0, 6573064]","[-88228.0, -8990, -0.137]","[-552446.0, -56294, -0.849]","[-1093985.0, -111477, -1.668]","[-1610261.0, -164086, -2.436]",0.002,183600000,0.036,0.0813,0.1242,0.096,0.532,0.554,0.175,0.213,1.321,1.142,0.936,0.509
ANT/USDT,4.579,243.0,620.0,2395.0,0.0437,0.0,0.5931,-1.8856,-2.0116,21601,44790,233675,2857828,6596886,5242,1930,32256,-176397,70959,"[1132700.1, 5190032]","[1672.7, 7664, 0.148]","[8464.7, 38785, 0.753]","[-2823.9, -12939, -0.249]","[17334.2, 79425, 1.554]",0.01,183378312,0.028,0.0419,0.0569,0.056,0.548,0.664,0.275,0.455,0.903,0.785,0.438,0.555
ENS/USDT,7.073,100.0,289.0,1308.0,-0.0283,-0.0565,0.0566,-1.2013,-1.3666,14699,30539,102640,1678466,4861637,8404,9291,-1947,-179171,-216307,"[589993.9, 4174797]","[593.8, 4202, 0.101]","[2246.1, 15893, 0.382]","[-153.1, -1083, -0.026]","[23144.9, 163773, 4.083]",0.01,182442159,0.023,0.0337,0.055,0.0529,0.718,0.79,0.266,0.537,1.184,1.023,0.59,0.756
HOT/USDT,0.001021,2258.0,2803.0,3803.0,0.5911,1.2897,1.6932,1.6932,1.7946,661137,766903,934460,4466822,9496669,49144,81238,91436,-290172,-501171,"[3732815324.0, 3811204]","[107623244.0, 109883, 2.969]","[135851207.0, 138704, 3.777]","[839101227.0, 856722, 28.997]","[901882664.0, 920822, 31.858]",0.01,181704681,0.021,0.5375,0.3115,0.1769,0.611,0.662,0.07,-0.063,0.977,0.867,0.459,0.391
GMT/USDT,0.1407,162.0,460.0,1877.0,-0.071,-0.1419,0.2851,-0.9155,-1.1244,48164,145387,593830,11235738,29541114,8285,20214,57788,-242037,-989993,"[100981087.0, 14218137]","[-100611.0, -14166, -0.1]","[-85227.0, -12000, -0.084]","[-3155671.0, -444318, -3.03]","[-2953398.0, -415838, -2.842]",-0.001,180163642,0.079,0.0,0.0567,0.0631,0.696,0.75,0.267,0.263,1.211,1.008,0.553,0.786
YFI/USDT,5079.0,171.0,547.0,2013.0,0.0394,-0.1769,0.1775,-0.6067,-2.4395,14733,80865,322630,3129797,9655614,1880,-16221,23008,-43284,-209316,"[1358.667, 6900670]","[-1.253, -6364, -0.092]","[8.389, 42608, 0.621]","[19.172, 97375, 1.431]","[-7.535, -38270, -0.552]",0.01,168810572,0.041,0.0406,0.0524,0.0439,0.702,0.76,0.204,0.462,1.02,0.873,0.486,0.688
IOTX/USDT,0.0176,410.0,1152.0,3942.0,0.1707,0.3421,0.1138,-2.059,1.7341,44076,139564,469299,11275189,24312181,-686,-17058,-68414,-1343369,-1287382,"[303699188.0, 5339032]","[-1107903.0, -19477, -0.363]","[-2679552.0, -47107, -0.875]","[-22619469.0, -397650, -6.932]","[-3734208.0, -65647, -1.215]",0.009,166208997,0.032,0.0472,0.0737,0.0883,0.393,0.44,0.222,0.262,1.188,0.969,0.641,0.739
LPT/USDT,5.654,239.0,1090.0,3762.0,-0.0354,0.0885,0.3728,-0.3349,-2.45,27156,101826,435945,5527399,19979144,-173,-1515,-18672,15719,-433151,"[1416361.3, 8005274]","[4104.1, 23196, 0.291]","[10863.2, 61399, 0.773]","[8207.2, 46387, 0.583]","[-17006.7, -96122, -1.186]",0.01,165587807,0.048,0.044,0.0459,0.0666,0.427,0.558,0.151,0.156,1.024,0.967,0.491,0.656
1000FLOKI/USDT,0.01662,171.0,541.0,1598.0,-0.0601,0.2413,0.7273,-1.773,-4.0416,18592,55358,193385,3590694,8229917,3870,16037,47769,67437,-140297,"[132182035.0, 2196865]","[-539614.0, -8968, -0.407]","[-1241906.0, -20640, -0.931]","[2887080.0, 47983, 2.233]","[-1107036.0, -18399, -0.831]",-0.003,165279425,0.013,0.026,0.0834,0.0792,0.668,0.713,0.479,0.544,1.468,1.233,0.759,0.651
RVN/USDT,0.01361,103.0,313.0,1310.0,-0.1467,-0.293,-0.0734,-2.5072,-4.0197,9626,30548,106840,1635423,3990560,3763,-7373,-13117,-49075,-92263,"[258087872.0, 3517738]","[-115829.0, -1579, -0.045]","[-626044.0, -8533, -0.242]","[5411163.0, 73754, 2.142]","[22364550.0, 304829, 9.488]",-0.002,162067446,0.022,0.082,0.0756,0.064,0.651,0.709,0.378,0.259,0.965,0.831,0.955,0.384
